Operation,Size,Bandwidth_MBS,AvgTime,MinTime,MaxTime,DataType
Copy,1.28e+08,190102,0.000788512,0.000673323,0.00167726,4
Scale,1.28e+08,166697,0.000788586,0.000767861,0.000849094,4
Add,1.92e+08,179629,0.00109701,0.00106887,0.00128947,4
Triad,1.92e+08,181484,0.00107365,0.00105794,0.00116374,4
Copy,1.6e+08,171666,0.000949454,0.000932043,0.000991427,4
Scale,1.6e+08,153987,0.00105146,0.00103905,0.00111116,4
Add,2.4e+08,171342,0.00142224,0.00140071,0.00147978,4
Triad,2.4e+08,170327,0.00142441,0.00140906,0.00144447,4
Copy,2e+08,161045,0.00127686,0.00124189,0.00132933,4
Scale,2e+08,144958,0.00140341,0.00137971,0.00148386,4
Add,3e+08,163808,0.00186979,0.00183141,0.00199829,4
Triad,3e+08,161870,0.00204619,0.00185334,0.00500166,4
Copy,2.4e+08,149647,0.00162051,0.00160377,0.00164893,4
Scale,2.4e+08,141197,0.00171367,0.00169975,0.00174477,4
Add,3.6e+08,157448,0.0023154,0.00228647,0.00250284,4
Triad,3.6e+08,157477,0.00230756,0.00228605,0.00245514,4
Copy,2.56e+08,150239,0.00173235,0.00170396,0.00193674,4
Scale,2.56e+08,140520,0.00184054,0.00182181,0.00193898,4
Add,3.84e+08,158779,0.00243936,0.00241846,0.00248711,4
Triad,3.84e+08,157033,0.00248485,0.00244534,0.0027164,4
Copy,2.8e+08,148344,0.00190398,0.0018875,0.0019335,4
Scale,2.8e+08,138789,0.00203416,0.00201744,0.00216466,4
Add,4.2e+08,156294,0.00270467,0.00268724,0.00276537,4
Triad,4.2e+08,156474,0.00270249,0.00268415,0.0027211,4
Copy,3.6e+08,143946,0.00252484,0.00250094,0.00259174,4
Scale,3.6e+08,136125,0.00266741,0.00264463,0.00283983,4
Add,5.4e+08,153833,0.00352841,0.0035103,0.00354964,4
Triad,5.4e+08,152883,0.00357964,0.0035321,0.00384246,4
Copy,3.2e+08,145977,0.00220934,0.00219212,0.00224953,4
Scale,3.2e+08,138377,0.00246928,0.00231252,0.00487402,4
Add,4.8e+08,154540,0.0031235,0.00310599,0.00314989,4
Triad,4.8e+08,154412,0.00312695,0.00310857,0.00320852,4
Copy,4e+08,140983,0.00297775,0.00283722,0.00510352,4
Scale,4e+08,135414,0.00297618,0.00295389,0.00314032,4
Add,6e+08,151828,0.00397722,0.00395183,0.00400978,4
Triad,6e+08,152302,0.00396374,0.00393955,0.00400712,4
Copy,4.4e+08,140742,0.00315091,0.00312629,0.00328544,4
Scale,4.4e+08,135245,0.00327249,0.00325335,0.00329209,4
Add,6.6e+08,151128,0.00439021,0.00436717,0.00443813,4
Triad,6.6e+08,150925,0.00439494,0.00437303,0.00445886,4
Copy,4.8e+08,139663,0.00346332,0.00343683,0.00352769,4
Scale,4.8e+08,133287,0.00362857,0.00360125,0.00367893,4
Add,7.2e+08,149258,0.00484317,0.00482386,0.00488529,4
Triad,7.2e+08,149942,0.00490897,0.00480186,0.00647136,4
Copy,5.12e+08,138734,0.00371657,0.00369053,0.00382255,4
Scale,5.12e+08,133549,0.00384753,0.00383381,0.00387153,4
Add,7.68e+08,149320,0.00516566,0.00514333,0.00524267,4
Triad,7.68e+08,149691,0.00515101,0.00513059,0.00520854,4
Copy,5.6e+08,138213,0.00406842,0.00405172,0.00411383,4
Scale,5.6e+08,134534,0.00419702,0.00416253,0.00438515,4
Add,8.4e+08,149824,0.00563378,0.00560656,0.00569647,4
Triad,8.4e+08,150522,0.00560671,0.00558059,0.00562727,4
Copy,5.2e+08,137868,0.00378414,0.00377171,0.00382006,4
Scale,5.2e+08,134284,0.00390397,0.00387239,0.00395992,4
Add,7.8e+08,150119,0.00521949,0.00519589,0.00529537,4
Triad,7.8e+08,150213,0.00521163,0.00519264,0.00525786,4
Copy,6.4e+08,136179,0.00472833,0.0046997,0.00501742,4
Scale,6.4e+08,133573,0.00481374,0.00479138,0.00486605,4
Add,9.6e+08,148973,0.00647998,0.0064441,0.00670399,4
Triad,9.6e+08,149108,0.00645848,0.00643827,0.00652552,4
Copy,6e+08,137449,0.00442633,0.00436527,0.0048842,4
Scale,6e+08,133202,0.00452546,0.00450445,0.00457903,4
Add,9e+08,149471,0.00604121,0.00602125,0.00608397,4
Triad,9e+08,149391,0.00605251,0.00602444,0.00632604,4
Copy,1.28e+09,133267,0.00974744,0.00960478,0.0109883,4
Scale,1.28e+09,131820,0.00982491,0.00971022,0.01072,4
Add,1.92e+09,147100,0.0132114,0.0130524,0.0144518,4
Triad,1.92e+09,147849,0.0132511,0.0129862,0.0146076,4
Copy,1.36e+09,133363,0.0103427,0.0101978,0.0113476,4
Scale,1.36e+09,131593,0.0104641,0.0103349,0.0114506,4
Add,2.04e+09,147204,0.0142251,0.0138583,0.0183284,4
Triad,2.04e+09,147802,0.0139682,0.0138022,0.0156114,4
Copy,1.44e+09,133023,0.0109114,0.0108252,0.0118189,4
Scale,1.44e+09,131946,0.0109926,0.0109135,0.0119978,4
Add,2.16e+09,147271,0.0148575,0.0146668,0.0162496,4
Triad,2.16e+09,147951,0.0147259,0.0145994,0.0158368,4
Copy,1.52e+09,132856,0.0115219,0.0114409,0.0122924,4
Scale,1.52e+09,131628,0.0116327,0.0115477,0.0127161,4
Add,2.28e+09,147240,0.015674,0.0154849,0.0170179,4
Triad,2.28e+09,147643,0.0156261,0.0154426,0.0169318,4
Copy,1.6e+09,132936,0.0121234,0.0120358,0.0128341,4
Scale,1.6e+09,131641,0.0123033,0.0121543,0.0133256,4
Add,2.4e+09,147540,0.0164563,0.0162668,0.0176314,4
Triad,2.4e+09,147869,0.016831,0.0162306,0.022546,4
Copy,1.68e+09,132677,0.0127353,0.0126623,0.0135345,4
Scale,1.68e+09,131640,0.0129096,0.0127621,0.0139417,4
Add,2.52e+09,147479,0.0174039,0.0170872,0.0203694,4
Triad,2.52e+09,147751,0.0171636,0.0170558,0.0183085,4
Copy,1.76e+09,132714,0.0133052,0.0132616,0.0134831,4
Scale,1.76e+09,131594,0.0135121,0.0133745,0.0145275,4
Add,2.64e+09,147383,0.0180511,0.0179125,0.0191298,4
Triad,2.64e+09,147980,0.0179754,0.0178402,0.0189767,4
Copy,1.84e+09,132700,0.0139948,0.0138659,0.0146634,4
Scale,1.84e+09,131731,0.0140661,0.0139678,0.0148497,4
Add,2.76e+09,147460,0.018914,0.0187169,0.0205557,4
Triad,2.76e+09,148109,0.0188,0.0186349,0.0197949,4
Copy,1.92e+09,132582,0.014569,0.0144816,0.0152891,4
Scale,1.92e+09,131805,0.0146446,0.014567,0.0155972,4
Add,2.88e+09,147252,0.0196774,0.0195584,0.0208667,4
Triad,2.88e+09,147950,0.0195874,0.0194661,0.02075,4
Copy,2e+09,132502,0.0151993,0.0150941,0.0159884,4
Scale,2e+09,131944,0.0152574,0.015158,0.0159885,4
Add,3e+09,147224,0.0204637,0.0203771,0.0217361,4
Triad,3e+09,148093,0.0207085,0.0202575,0.0258213,4
Copy,2.048e+09,132548,0.0155344,0.015451,0.0166005,4
Scale,2.048e+09,131828,0.0156792,0.0155354,0.0167449,4
Add,3.072e+09,147478,0.0209928,0.0208302,0.0222682,4
Triad,3.072e+09,147901,0.0208611,0.0207707,0.0217288,4
Copy,2.08e+09,132707,0.015757,0.0156737,0.0166266,4
Scale,2.08e+09,131742,0.0158685,0.0157884,0.0168355,4
Add,3.12e+09,147113,0.0212891,0.0212082,0.0222037,4
Triad,3.12e+09,147712,0.0213018,0.0211222,0.0224768,4
Copy,2.24e+09,132477,0.0171285,0.0169086,0.0200364,4
Scale,2.24e+09,131846,0.0170803,0.0169895,0.0178265,4
Add,3.36e+09,147221,0.0229897,0.0228228,0.024351,4
Triad,3.36e+09,147832,0.0229627,0.0227285,0.0243354,4
Copy,2.16e+09,132591,0.0164001,0.0162907,0.0172893,4
Scale,2.16e+09,131762,0.0165135,0.0163932,0.0173382,4
Add,3.24e+09,147308,0.0221276,0.0219947,0.023169,4
Triad,3.24e+09,147758,0.0220203,0.0219277,0.0233231,4
Copy,2.32e+09,132487,0.0175777,0.0175111,0.0183626,4
Scale,2.32e+09,131615,0.0176906,0.0176271,0.0184738,4
Add,3.48e+09,147399,0.0237914,0.0236093,0.0248997,4
Triad,3.48e+09,147857,0.0236246,0.0235362,0.0246059,4
Copy,2.4e+09,132488,0.0182493,0.0181149,0.019422,4
Scale,2.4e+09,131250,0.0184146,0.0182857,0.0191642,4
Add,3.6e+09,147237,0.0245937,0.0244503,0.0261983,4
Triad,3.6e+09,147846,0.024547,0.0243496,0.02592,4
Copy,2.8e+09,132371,0.0212295,0.0211527,0.0222482,4
Scale,2.8e+09,131717,0.0213374,0.0212577,0.0221538,4
Add,4.2e+09,147477,0.0285894,0.028479,0.0299228,4
Triad,4.2e+09,147917,0.0285627,0.0283942,0.0297383,4
Copy,3.2e+09,132258,0.0242726,0.0241952,0.0249573,4
Scale,3.2e+09,131644,0.0243871,0.024308,0.0252899,4
Add,4.8e+09,147405,0.032698,0.0325633,0.0341509,4
Triad,4.8e+09,147640,0.0327019,0.0325115,0.0338548,4
Copy,3.6e+09,132368,0.0272397,0.027197,0.0273952,4
Scale,3.6e+09,131750,0.0274177,0.0273244,0.0286178,4
Add,5.4e+09,147820,0.0366225,0.0365308,0.0376376,4
Triad,5.4e+09,148109,0.0365492,0.0364596,0.0373826,4
Copy,4e+09,132207,0.0303585,0.0302555,0.0311719,4
Scale,4e+09,131792,0.0304756,0.0303508,0.0314745,4
Add,6e+09,147431,0.0409389,0.040697,0.0422701,4
Triad,6e+09,147739,0.0407103,0.0406121,0.0416133,4
Copy,8.4e+08,134538,0.00626448,0.0062436,0.00631541,4
Scale,8.4e+08,131748,0.00639385,0.00637582,0.00643051,4
Add,1.26e+09,147303,0.0085716,0.00855379,0.00866519,4
Triad,1.26e+09,147546,0.00856556,0.00853972,0.00877419,4
Copy,4.096e+09,132328,0.0310042,0.0309534,0.0311976,4
Scale,4.096e+09,131697,0.0311419,0.0311018,0.0311996,4
Add,6.144e+09,147700,0.0417179,0.0415977,0.0431541,4
Triad,6.144e+09,147753,0.0417503,0.0415829,0.0430914,4
Copy,8.8e+08,134603,0.00656245,0.00653775,0.00666116,4
Scale,8.8e+08,131948,0.00670677,0.0066693,0.00687458,4
Add,1.32e+09,147467,0.00898038,0.00895113,0.00900106,4
Triad,1.32e+09,148380,0.00891514,0.00889607,0.00896224,4
Copy,9.2e+08,134442,0.00687883,0.0068431,0.00703077,4
Scale,9.2e+08,132506,0.00697831,0.00694308,0.00720133,4
Add,1.38e+09,147681,0.00937447,0.00934443,0.00944298,4
Triad,1.38e+09,148544,0.00930803,0.00929016,0.00933209,4
Copy,9.6e+08,134369,0.00716035,0.00714448,0.00719524,4
Scale,9.6e+08,131995,0.00729453,0.00727302,0.00735761,4
Add,1.44e+09,147425,0.00979712,0.00976765,0.00982746,4
Triad,1.44e+09,148238,0.0097281,0.00971412,0.00975533,4
Copy,1e+09,133641,0.00751252,0.00748271,0.0075882,4
Scale,1e+09,132302,0.00757722,0.00755844,0.00763365,4
Add,1.5e+09,147043,0.0102308,0.0102011,0.0104457,4
Triad,1.5e+09,148487,0.010352,0.0101019,0.0144889,4
Copy,1.04e+09,133610,0.00780395,0.00778387,0.00787174,4
Scale,1.04e+09,132187,0.00789253,0.00786765,0.00802087,4
Add,1.56e+09,147055,0.0106407,0.0106083,0.0108169,4
Triad,1.56e+09,148047,0.0105602,0.0105372,0.0106246,4
Copy,1.024e+09,134135,0.00765731,0.00763409,0.00774983,4
Scale,1.024e+09,132330,0.0077599,0.00773822,0.00780153,4
Add,1.536e+09,147595,0.0104251,0.0104068,0.0104415,4
Triad,1.536e+09,148210,0.010387,0.0103637,0.010435,4
Copy,1.08e+09,133474,0.0081611,0.00809149,0.00903045,4
Scale,1.08e+09,132236,0.00824641,0.00816723,0.009278,4
Add,1.62e+09,147380,0.0111142,0.010992,0.0122142,4
Triad,1.62e+09,148149,0.0110815,0.010935,0.0122991,4
Copy,1.12e+09,133056,0.00849177,0.00841751,0.00922759,4
Scale,1.12e+09,132051,0.0085468,0.00848157,0.00941129,4
Add,1.68e+09,147047,0.0119121,0.0114249,0.0169445,4
Triad,1.68e+09,147935,0.0115014,0.0113563,0.012617,4
Copy,1.16e+09,133458,0.00902266,0.0086919,0.0124284,4
Scale,1.16e+09,132383,0.00891794,0.00876245,0.00993824,4
Add,1.74e+09,147147,0.0119724,0.0118249,0.0129561,4
Triad,1.74e+09,148296,0.0118065,0.0117333,0.0121538,4
Copy,1.2e+09,133250,0.00913375,0.0090056,0.00993871,4
Scale,1.2e+09,131939,0.00921224,0.00909512,0.0102446,4
Add,1.8e+09,146963,0.0124875,0.012248,0.0138451,4
Triad,1.8e+09,147866,0.0124837,0.0121732,0.0143294,4
Copy,8e+07,259562,0.000363735,0.000308212,0.00089431,4
Scale,8e+07,228190,0.000370332,0.000350585,0.000437377,4
Add,1.2e+08,220532,0.000562596,0.000544138,0.000588512,4
Triad,1.2e+08,240439,0.000526096,0.000499088,0.000704329,4
Copy,1.2e+08,196615,0.000650632,0.00061033,0.000820665,4
Scale,1.2e+08,173755,0.00072591,0.000690629,0.000810882,4
Add,1.8e+08,183130,0.00100155,0.000982911,0.00107728,4
Triad,1.8e+08,184290,0.000992624,0.000976719,0.00104935,4
Copy,1.28e+08,190717,0.000695894,0.000671153,0.000741757,4
Scale,1.28e+08,169220,0.00079721,0.000756413,0.000886716,4
Add,1.92e+08,179672,0.00110174,0.00106861,0.00121664,4
Triad,1.92e+08,180936,0.00110153,0.00106115,0.00171809,4
Copy,1.6e+08,171469,0.000960452,0.000933113,0.000998112,4
Scale,1.6e+08,154707,0.00106365,0.00103421,0.00111145,4
Add,2.4e+08,171468,0.00143352,0.00139968,0.00164365,4
Triad,2.4e+08,170799,0.00143029,0.00140516,0.00147719,4
Copy,2e+08,158668,0.00127496,0.00126049,0.00131132,4
Scale,2e+08,146113,0.00138133,0.0013688,0.0014317,4
Add,3e+08,162845,0.00186575,0.00184224,0.00203339,4
Triad,3e+08,162312,0.00189125,0.00184829,0.00214355,4
Copy,2.4e+08,151754,0.00160553,0.00158151,0.00181884,4
Scale,2.4e+08,141440,0.00171738,0.00169683,0.00175841,4
Add,3.6e+08,158808,0.00231366,0.00226689,0.00263324,4
Triad,3.6e+08,158201,0.00228682,0.00227558,0.00230657,4
Copy,2.56e+08,149437,0.0017293,0.00171309,0.00176342,4
Scale,2.56e+08,140553,0.0018447,0.00182138,0.00188221,4
Add,3.84e+08,158343,0.00245022,0.00242512,0.00258465,4
Triad,3.84e+08,157641,0.00245146,0.00243592,0.00249831,4
Copy,2.8e+08,148462,0.0019167,0.00188601,0.00217173,4
Scale,2.8e+08,138495,0.00203511,0.00202173,0.00207275,4
Add,4.2e+08,156919,0.00269901,0.00267654,0.00276864,4
Triad,4.2e+08,155533,0.0027287,0.00270038,0.00290799,4
Copy,3.2e+08,146010,0.00221603,0.00219163,0.00229284,4
Scale,3.2e+08,137681,0.00234776,0.00232422,0.00239893,4
Add,4.8e+08,153762,0.00313861,0.0031217,0.00319053,4
Triad,4.8e+08,154240,0.00313566,0.00311203,0.00324278,4
Copy,3.6e+08,143639,0.00265819,0.00250628,0.00468878,4
Scale,3.6e+08,136043,0.00267686,0.00264622,0.00286728,4
Add,5.4e+08,153256,0.00354512,0.00352353,0.0035923,4
Triad,5.4e+08,152576,0.00356426,0.00353922,0.00373434,4
Copy,4e+08,140963,0.0028888,0.00283763,0.00337531,4
Scale,4e+08,135989,0.00295975,0.00294142,0.00303805,4
Add,6e+08,151545,0.00398011,0.00395921,0.00406747,4
Triad,6e+08,151738,0.00396886,0.00395417,0.00402073,4
Copy,4.4e+08,139867,0.003338,0.00314585,0.00602692,4
Scale,4.4e+08,134846,0.00328025,0.00326298,0.00331781,4
Add,6.6e+08,150931,0.00440787,0.00437286,0.00462345,4
Triad,6.6e+08,150922,0.0044063,0.00437311,0.00467123,4
Copy,4.8e+08,138676,0.00348799,0.0034613,0.00365035,4
Scale,4.8e+08,133615,0.00361072,0.00359241,0.00363895,4
Add,7.2e+08,149761,0.00482747,0.00480767,0.00488903,4
Triad,7.2e+08,150196,0.00482352,0.00479373,0.00495305,4
Copy,5.12e+08,137957,0.00374574,0.00371131,0.0039577,4
Scale,5.12e+08,134245,0.00384994,0.00381391,0.00404832,4
Add,7.68e+08,149273,0.00523767,0.00514493,0.00648921,4
Triad,7.68e+08,149887,0.0051362,0.00512385,0.00515808,4
Copy,5.6e+08,137021,0.00411825,0.00408697,0.00433641,4
Scale,5.6e+08,133292,0.00422485,0.0042013,0.00426889,4
Add,8.4e+08,148736,0.00567868,0.00564761,0.00578744,4
Triad,8.4e+08,149655,0.00563216,0.00561291,0.00570711,4
Copy,5.2e+08,138518,0.00377123,0.00375403,0.00380321,4
Scale,5.2e+08,134369,0.00389438,0.00386994,0.00406705,4
Add,7.8e+08,150133,0.00523693,0.00519538,0.00547619,4
Triad,7.8e+08,150079,0.00521286,0.00519725,0.00525372,4
Copy,6e+08,137385,0.00437985,0.00436728,0.00441647,4
Scale,6e+08,133545,0.00451604,0.00449286,0.00458376,4
Add,9e+08,149175,0.00605384,0.00603318,0.00609432,4
Triad,9e+08,149190,0.00605707,0.00603259,0.00613472,4
Copy,6.4e+08,136333,0.00471119,0.0046944,0.00474977,4
Scale,6.4e+08,132403,0.00488242,0.00483372,0.00511848,4
Add,9.6e+08,148124,0.00651737,0.00648104,0.00666822,4
Triad,9.6e+08,149237,0.00645502,0.00643274,0.00653183,4
Copy,6.8e+08,135193,0.00505278,0.00502986,0.00508894,4
Scale,6.8e+08,132883,0.00514198,0.00511727,0.00521269,4
Add,1.02e+09,148706,0.00688191,0.00685919,0.00692614,4
Triad,1.02e+09,149369,0.00685311,0.00682873,0.00691345,4
Copy,7.2e+08,136186,0.00534176,0.0052869,0.00554642,4
Scale,7.2e+08,132637,0.00546602,0.00542835,0.00566848,4
Add,1.08e+09,148306,0.00731446,0.00728225,0.00755764,4
Triad,1.08e+09,148808,0.00727291,0.00725768,0.00734513,4
Copy,8e+08,135010,0.00594967,0.0059255,0.00599888,4
Scale,8e+08,132750,0.00605394,0.00602635,0.00612838,4
Add,1.2e+09,147932,0.00813297,0.00811185,0.00820056,4
Triad,1.2e+09,148555,0.00812007,0.0080778,0.00833466,4
Copy,2.56e+09,132571,0.019444,0.0193104,0.020438,8
Scale,2.56e+09,132003,0.0195469,0.0193935,0.0207543,8
Add,3.84e+09,147502,0.0261852,0.0260335,0.027151,8
Triad,3.84e+09,147802,0.0260942,0.0259806,0.0275814,8
Copy,2.72e+09,132452,0.0206568,0.0205357,0.021856,8
Scale,2.72e+09,132042,0.0207006,0.0205994,0.0215812,8
Add,4.08e+09,147547,0.0277542,0.0276522,0.028839,8
Triad,4.08e+09,147836,0.0276979,0.0275981,0.0288826,8
Copy,2.88e+09,132428,0.0217839,0.0217477,0.0220645,8
Scale,2.88e+09,131952,0.0219072,0.0218262,0.0228688,8
Add,4.32e+09,147359,0.0295285,0.0293161,0.0310395,8
Triad,4.32e+09,147798,0.0293402,0.0292291,0.0303777,8
Copy,3.04e+09,132371,0.0231054,0.0229658,0.0239946,8
Scale,3.04e+09,131843,0.0232134,0.0230578,0.024329,8
Add,4.56e+09,147582,0.0309887,0.0308981,0.0319582,8
Triad,4.56e+09,147841,0.0309751,0.030844,0.0320776,8
Copy,3.2e+09,132502,0.0242311,0.0241505,0.0247125,8
Scale,3.2e+09,131876,0.0243602,0.0242652,0.0252642,8
Add,4.8e+09,147611,0.0326991,0.0325179,0.0339584,8
Triad,4.8e+09,147918,0.0325815,0.0324505,0.0339876,8
Copy,3.36e+09,132393,0.0254512,0.0253789,0.0261558,8
Scale,3.36e+09,131831,0.0257366,0.0254872,0.0281988,8
Add,5.04e+09,147681,0.0342495,0.0341276,0.0351656,8
Triad,5.04e+09,147836,0.0341624,0.0340918,0.0348878,8
Copy,3.52e+09,132344,0.0266743,0.0265973,0.02751,8
Scale,3.52e+09,131975,0.0267746,0.0266716,0.0276639,8
Add,5.28e+09,147819,0.035797,0.0357194,0.036668,8
Triad,5.28e+09,148121,0.0358517,0.0356466,0.0369481,8
Copy,3.68e+09,132248,0.0279317,0.0278266,0.0287752,8
Scale,3.68e+09,131775,0.0282588,0.0279264,0.0310402,8
Add,5.52e+09,147557,0.0375802,0.0374092,0.0384757,8
Triad,5.52e+09,147944,0.0375811,0.0373113,0.0400678,8
Copy,3.84e+09,132291,0.0291263,0.0290269,0.0299881,8
Scale,3.84e+09,132000,0.0291785,0.029091,0.0299329,8
Add,5.76e+09,147550,0.039319,0.0390376,0.0417877,8
Triad,5.76e+09,147881,0.0391189,0.0389502,0.0402004,8
Copy,4e+09,132159,0.0303609,0.0302667,0.0312557,8
Scale,4e+09,131869,0.0304247,0.0303331,0.0310133,8
Add,6e+09,147548,0.0409081,0.0406648,0.0420283,8
Triad,6e+09,147818,0.0407536,0.0405904,0.0420546,8
Copy,4.096e+09,132336,0.0310617,0.0309515,0.0318517,8
Scale,4.096e+09,131972,0.0311124,0.0310368,0.0316416,8
Add,6.144e+09,147822,0.0417531,0.0415634,0.04291,8
Triad,6.144e+09,147831,0.0417971,0.0415609,0.0428016,8
Copy,4.16e+09,132267,0.0315668,0.0314515,0.031978,8
Scale,4.16e+09,131914,0.0316148,0.0315356,0.0323244,8
Add,6.24e+09,147653,0.0423607,0.0422612,0.043106,8
Triad,6.24e+09,147831,0.0423935,0.0422103,0.043586,8
Copy,4.32e+09,132414,0.0326546,0.032625,0.0327004,8
Scale,4.32e+09,131967,0.0328131,0.0327354,0.0335914,8
Add,6.48e+09,147715,0.0440358,0.0438682,0.0457402,8
Triad,6.48e+09,147897,0.0438972,0.0438143,0.0442024,8
Copy,4.48e+09,132243,0.0340281,0.0338769,0.0351983,8
Scale,4.48e+09,131723,0.0340876,0.0340108,0.0347904,8
Add,6.72e+09,147681,0.0456384,0.0455035,0.0465517,8
Triad,6.72e+09,147860,0.0456434,0.0454484,0.046973,8
Copy,4.64e+09,132162,0.0351694,0.0351086,0.0355783,8
Scale,4.64e+09,131826,0.0353012,0.0351979,0.0361696,8
Add,6.96e+09,147529,0.0473258,0.0471771,0.048358,8
Triad,6.96e+09,147797,0.0473023,0.0470916,0.0490794,8
Copy,4.8e+09,132226,0.036427,0.0363014,0.0371749,8
Scale,4.8e+09,131866,0.0364846,0.0364006,0.0371531,8
Add,7.2e+09,147642,0.0490514,0.0487667,0.0500792,8
Triad,7.2e+09,147740,0.0489345,0.0487343,0.0499114,8
Copy,5.6e+09,132149,0.0425008,0.0423764,0.0431746,8
Scale,5.6e+09,131907,0.0426339,0.0424541,0.0434321,8
Add,8.4e+09,147481,0.0571785,0.0569566,0.0581165,8
Triad,8.4e+09,147785,0.0571297,0.0568394,0.0582068,8
Copy,6.4e+09,132153,0.0485356,0.0484288,0.0489551,8
Scale,6.4e+09,131920,0.048684,0.0485143,0.0496379,8
Add,9.6e+09,147608,0.0653392,0.0650372,0.0673788,8
Triad,9.6e+09,147811,0.0651074,0.0649478,0.0658785,8
Copy,7.2e+09,132049,0.0546336,0.054525,0.0549716,8
Scale,7.2e+09,131892,0.0547593,0.0545901,0.0553878,8
Add,1.08e+10,147634,0.0733537,0.0731537,0.0744548,8
Triad,1.08e+10,147869,0.0731523,0.0730377,0.0735818,8
Copy,8e+09,131941,0.0607814,0.0606329,0.0618608,8
Scale,8e+09,131921,0.0607983,0.0606426,0.0617453,8
Add,1.2e+10,147681,0.0814494,0.0812563,0.0820677,8
Triad,1.2e+10,147827,0.0813809,0.0811762,0.0818669,8
Copy,8.192e+09,132115,0.0621345,0.0620065,0.0626308,8
Scale,8.192e+09,131884,0.0622413,0.062115,0.0628283,8
Add,1.2288e+10,147776,0.0834144,0.0831528,0.0843024,8
Triad,1.2288e+10,147709,0.0833969,0.0831904,0.0841992,8
Copy,1.68e+09,133010,0.0127687,0.0126306,0.0135368,8
Scale,1.68e+09,131709,0.0128772,0.0127554,0.0138348,8
Add,2.52e+09,147397,0.0173383,0.0170967,0.0185537,8
Triad,2.52e+09,147737,0.0171585,0.0170573,0.0180688,8
Copy,1.76e+09,132938,0.0139082,0.0132392,0.0231828,8
Scale,1.76e+09,131889,0.0134627,0.0133446,0.0142653,8
Add,2.64e+09,147535,0.0180549,0.017894,0.0191328,8
Triad,2.64e+09,148089,0.0179636,0.0178271,0.0189096,8
Copy,1.84e+09,132531,0.0139954,0.0138835,0.0147133,8
Scale,1.84e+09,131851,0.014043,0.0139551,0.0145517,8
Add,2.76e+09,147434,0.0188076,0.0187203,0.0193467,8
Triad,2.76e+09,148134,0.0188546,0.0186318,0.0202104,8
Copy,1.92e+09,132385,0.0145754,0.0145031,0.0152766,8
Scale,1.92e+09,132014,0.0146236,0.0145439,0.0155397,8
Add,2.88e+09,147231,0.0197149,0.019561,0.020691,8
Triad,2.88e+09,148124,0.0195696,0.0194432,0.0206124,8
Copy,2e+09,132484,0.0151879,0.0150961,0.0159885,8
Scale,2e+09,132009,0.0152346,0.0151504,0.0160441,8
Add,3e+09,147214,0.0204639,0.0203785,0.0213487,8
Triad,3e+09,147993,0.0203826,0.0202712,0.0215563,8
Copy,2.048e+09,132499,0.0155445,0.0154568,0.0161666,8
Scale,2.048e+09,131978,0.0156239,0.0155178,0.0166048,8
Add,3.072e+09,147322,0.0210225,0.0208522,0.0222712,8
Triad,3.072e+09,147776,0.0209462,0.0207882,0.0220637,8
Copy,2.08e+09,132567,0.01573,0.0156902,0.0159249,8
Scale,2.08e+09,131960,0.0158513,0.0157624,0.0170323,8
Add,3.12e+09,147345,0.0213272,0.0211748,0.0224132,8
Triad,3.12e+09,147818,0.0212371,0.021107,0.0223221,8
Copy,2.16e+09,132659,0.0163557,0.0162824,0.0170686,8
Scale,2.16e+09,131924,0.0164339,0.0163731,0.0170874,8
Add,3.24e+09,147300,0.0221364,0.021996,0.0232926,8
Triad,3.24e+09,147692,0.0219997,0.0219375,0.022802,8
Copy,2.24e+09,132544,0.0169864,0.0169,0.0177619,8
Scale,2.24e+09,131928,0.0170686,0.016979,0.0179379,8
Add,3.36e+09,147382,0.0228788,0.0227979,0.0238116,8
Triad,3.36e+09,148016,0.0228572,0.0227003,0.0242076,8
Copy,2.32e+09,132456,0.0175912,0.0175153,0.0184405,8
Scale,2.32e+09,131849,0.0177196,0.0175959,0.0186539,8
Add,3.48e+09,147351,0.0237549,0.023617,0.0247485,8
Triad,3.48e+09,147818,0.0236293,0.0235425,0.024462,8
Copy,2.4e+09,132386,0.0182228,0.0181287,0.0190944,8
Scale,2.4e+09,131894,0.0183472,0.0181965,0.0194661,8
Add,3.6e+09,147289,0.0245412,0.0244418,0.0255412,8
Triad,3.6e+09,147872,0.0245108,0.0243454,0.025704,8
Copy,1.6e+08,172280,0.000950349,0.000928722,0.000988814,8
Scale,1.6e+08,153949,0.00105877,0.00103931,0.00110597,8
Add,2.4e+08,172745,0.00141083,0.00138934,0.00147538,8
Triad,2.4e+08,170856,0.00141906,0.00140469,0.00143859,8
Copy,2.4e+08,153195,0.00159322,0.00156663,0.00165097,8
Scale,2.4e+08,140272,0.00173603,0.00171096,0.00189541,8
Add,3.6e+08,157026,0.00231297,0.00229261,0.00242449,8
Triad,3.6e+08,157658,0.00229691,0.00228342,0.00234342,8
Copy,2.56e+08,150056,0.00173216,0.00170603,0.00186096,8
Scale,2.56e+08,140297,0.00184583,0.00182469,0.00189491,8
Add,3.84e+08,157518,0.00248111,0.00243782,0.00269473,8
Triad,3.84e+08,156853,0.00246904,0.00244815,0.00258664,8
Copy,4e+08,141130,0.00285661,0.00283427,0.00287837,8
Scale,4e+08,135618,0.00297759,0.00294947,0.00313361,8
Add,6e+08,151963,0.00397391,0.00394833,0.00407701,8
Triad,6e+08,151556,0.00398937,0.00395893,0.00427657,8
Copy,3.2e+08,145149,0.00222642,0.00220464,0.00241525,8
Scale,3.2e+08,137011,0.00237372,0.00233559,0.00253772,8
Add,4.8e+08,153404,0.00316076,0.00312899,0.00330553,8
Triad,4.8e+08,154191,0.0031429,0.00311302,0.00335608,8
Copy,4.8e+08,138632,0.0034873,0.00346241,0.00353066,8
Scale,4.8e+08,134947,0.00358257,0.00355694,0.00366731,8
Add,7.2e+08,150811,0.00479686,0.0047742,0.00487624,8
Triad,7.2e+08,150978,0.00478984,0.00476889,0.00481114,8
Copy,5.12e+08,138494,0.00372551,0.00369691,0.00385384,8
Scale,5.12e+08,134010,0.00384821,0.00382061,0.00398254,8
Add,7.68e+08,150222,0.00514072,0.00511244,0.00519265,8
Triad,7.68e+08,149973,0.00514922,0.00512091,0.00519272,8
Copy,5.6e+08,137573,0.00410767,0.00407056,0.00429762,8
Scale,5.6e+08,133497,0.00421498,0.00419485,0.00427972,8
Add,8.4e+08,148409,0.00569053,0.00566005,0.00574349,8
Triad,8.4e+08,149447,0.00565138,0.00562071,0.00570816,8
Copy,6.4e+08,136414,0.00471455,0.00469158,0.00474901,8
Scale,6.4e+08,132441,0.00486717,0.00483234,0.00504139,8
Add,9.6e+08,147777,0.00651537,0.00649626,0.00664432,8
Triad,9.6e+08,147998,0.006507,0.0064866,0.00656059,8
Copy,7.2e+08,135285,0.00534568,0.00532211,0.00539904,8
Scale,7.2e+08,132546,0.00544578,0.00543206,0.005491,8
Add,1.08e+09,147685,0.00734668,0.00731288,0.00758883,8
Triad,1.08e+09,148638,0.00728714,0.00726599,0.00732986,8
Copy,8e+08,135270,0.00594451,0.0059141,0.00615014,8
Scale,8e+08,132783,0.00605226,0.00602488,0.00610312,8
Add,1.2e+09,148117,0.0081344,0.00810172,0.00831917,8
Triad,1.2e+09,148351,0.0081215,0.0080889,0.00822279,8
Copy,8.8e+08,134667,0.00655556,0.00653464,0.00661923,8
Scale,8.8e+08,132574,0.00667947,0.00663779,0.00673224,8
Add,1.32e+09,147273,0.00898361,0.00896294,0.00905311,8
Triad,1.32e+09,148219,0.00893858,0.00890572,0.00915549,8
Copy,9.6e+08,133699,0.00720831,0.0071803,0.00737602,8
Scale,9.6e+08,132177,0.00727858,0.00726297,0.00731478,8
Add,1.44e+09,147412,0.00987353,0.00976855,0.0110629,8
Triad,1.44e+09,148388,0.0097432,0.00970431,0.00987552,8
Copy,1.024e+09,134223,0.00765625,0.00762908,0.00770088,8
Scale,1.024e+09,132073,0.00777757,0.0077533,0.00780309,8
Add,1.536e+09,147937,0.0105077,0.0103828,0.0119724,8
Triad,1.536e+09,148210,0.010546,0.0103637,0.0122071,8
Copy,1.04e+09,134073,0.00777961,0.00775698,0.00783616,8
Scale,1.04e+09,132425,0.00796679,0.00785351,0.00952305,8
Add,1.56e+09,146843,0.0107583,0.0106236,0.0123509,8
Triad,1.56e+09,148077,0.0106265,0.010535,0.0118523,8
Copy,1.12e+09,133589,0.00866511,0.0083839,0.0110758,8
Scale,1.12e+09,132296,0.00856623,0.00846585,0.00953677,8
Add,1.68e+09,147344,0.011503,0.0114019,0.0126925,8
Triad,1.68e+09,148071,0.0114996,0.0113459,0.0125891,8
Copy,1.2e+09,133405,0.00911889,0.00899516,0.0102893,8
Scale,1.2e+09,131997,0.00920713,0.00909113,0.0100699,8
Add,1.8e+09,147223,0.0125104,0.0122263,0.0140486,8
Triad,1.8e+09,147945,0.0123275,0.0121667,0.013782,8
Copy,1.28e+09,133521,0.00969258,0.00958653,0.0107932,8
Scale,1.28e+09,131855,0.00991676,0.00970761,0.0117226,8
Add,1.92e+09,147267,0.0132432,0.0130376,0.0146161,8
Triad,1.92e+09,147828,0.0132254,0.0129881,0.0144969,8
Copy,1.36e+09,133239,0.010338,0.0102072,0.0112432,8
Scale,1.36e+09,132007,0.0104388,0.0103025,0.0115708,8
Add,2.04e+09,147486,0.0141972,0.0138318,0.015529,8
Triad,2.04e+09,147761,0.0141743,0.0138061,0.0176225,8
Copy,1.44e+09,132913,0.0109673,0.0108341,0.0119815,8
Scale,1.44e+09,131884,0.0110267,0.0109187,0.0118447,8
Add,2.16e+09,147154,0.0148332,0.0146785,0.0159582,8
Triad,2.16e+09,147828,0.0148552,0.0146116,0.0159988,8
Copy,1.6e+09,132634,0.0121713,0.0120632,0.0130416,8
Scale,1.6e+09,131481,0.0122506,0.012169,0.0128589,8
Add,2.4e+09,147339,0.0166086,0.016289,0.0187841,8
Triad,2.4e+09,147552,0.0164064,0.0162654,0.0172613,8
